conf_ini;rep_ini;rcp_ini;paso;rh0;pozo
-0.2;0.6;-0.2;0;0.4426002195263316;-9.44
-0.2;0.6;-0.2;1;0.4559005385475149;-18.417999999999996
-0.2;0.6;-0.2;2;0.4653064629427391;-27.051999999999957
-0.2;0.6;-0.2;3;0.47236845542985556;-35.41799999999995
-0.2;0.6;-0.2;4;0.4781857956802263;-43.44399999999998
-0.2;0.6;-0.2;5;0.48358657534391997;-51.528
-0.2;0.6;-0.2;6;0.48679957046180133;-59.494
-0.2;0.6;-0.2;7;0.4889287398256824;-67.45400000000004
-0.2;0.6;-0.2;8;0.49059082417834377;-75.20400000000019
-0.2;0.6;-0.2;9;0.49209545476146327;-83.07400000000028
-0.2;0.6;-0.2;10;0.49301694709673505;-90.85800000000039
-0.2;0.6;-0.2;11;0.4926370732235702;-98.55000000000051
-0.2;0.6;-0.2;12;0.493021873904626;-106.23800000000065
-0.2;0.6;-0.2;13;0.49247371234837556;-113.94600000000074
-0.2;0.6;-0.2;14;0.4913013725423408;-121.64000000000074
-0.2;0.6;-0.2;15;0.49088121444435723;-129.27200000000087
-0.2;0.6;-0.2;16;0.49132658710090205;-136.8900000000008
-0.2;0.6;-0.2;17;0.49112881736066244;-144.49600000000072
-0.2;0.6;-0.2;18;0.4905934487627961;-152.12400000000073
-0.2;0.6;-0.2;19;0.49035682271872966;-159.83000000000067
-0.2;0.6;-0.2;20;0.4897135859013585;-167.29800000000068
-0.2;0.6;-0.2;21;0.4896980800883917;-175.06000000000066
-0.2;0.6;-0.2;22;0.48919558318332385;-182.79200000000063
-0.2;0.6;-0.2;23;0.48936860024480383;-190.29600000000056
-0.2;0.6;-0.2;24;0.4893740218952569;-197.98600000000044
-0.2;0.6;-0.2;25;0.48985539990566307;-205.53000000000043
-0.2;0.6;-0.2;26;0.49056684654265625;-213.17400000000038
-0.2;0.6;-0.2;27;0.4910393109846006;-220.5300000000003
-0.2;0.6;-0.2;28;0.4921256955543789;-228.1700000000003
-0.2;0.6;-0.2;29;0.4936872106569174;-235.27399999999992
-0.2;0.6;-0.2;30;0.49594447548040077;-242.3739999999998
-0.2;0.6;-0.2;31;0.4986199405618311;-249.5719999999997
-0.2;0.6;-0.2;32;0.5007884164084547;-256.5679999999995
-0.2;0.6;-0.2;33;0.5033387002573959;-263.55599999999913
-0.2;0.6;-0.2;34;0.5061310614048291;-270.48399999999884
-0.2;0.6;-0.2;35;0.5083231277173613;-277.3819999999985
-0.2;0.6;-0.2;36;0.5107417278965231;-284.23599999999834
-0.2;0.6;-0.2;37;0.5134127136105704;-290.8599999999979
-0.2;0.6;-0.2;38;0.5164240845810977;-297.19399999999763
-0.2;0.6;-0.2;39;0.5195242492388208;-303.5719999999972
-0.2;0.6;-0.2;40;0.522712132687992;-309.757999999997
-0.2;0.6;-0.2;41;0.5265435362618066;-316.0199999999967
-0.2;0.6;-0.2;42;0.530513993734172;-322.1399999999964
-0.2;0.6;-0.2;43;0.5337347377112028;-328.10199999999605
-0.2;0.6;-0.2;44;0.5376785835553501;-333.6719999999958
-0.2;0.6;-0.2;45;0.5412084885329922;-339.5439999999955
-0.2;0.6;-0.2;46;0.5440005874537038;-345.22399999999527
-0.2;0.6;-0.2;47;0.5477752296307359;-350.59799999999484
-0.2;0.6;-0.2;48;0.5522363609203248;-355.8779999999947
-0.2;0.6;-0.2;49;0.5560172489526818;-361.1119999999945
-0.2;0.6;-0.2;50;0.5593931366165734;-365.9839999999946
-0.2;0.6;-0.2;51;0.5631525571867243;-370.90199999999425
-0.2;0.6;-0.2;52;0.5668516009265678;-375.87999999999397
-0.2;0.6;-0.2;53;0.5706584594980186;-380.73999999999376
-0.2;0.6;-0.2;54;0.5736967264955075;-385.25399999999377
-0.2;0.6;-0.2;55;0.5768299582289199;-389.55999999999375
-0.2;0.6;-0.2;56;0.5801247340126976;-393.98999999999336
-0.2;0.6;-0.2;57;0.5829867520963353;-398.35999999999376
-0.2;0.6;-0.2;58;0.5857511456594955;-402.57599999999337
-0.2;0.6;-0.2;59;0.5878953170735037;-406.77399999999346
-0.2;0.6;-0.2;60;0.5901680283053676;-410.9319999999935
-0.2;0.6;-0.2;61;0.5926013592982096;-414.97399999999334
-0.2;0.6;-0.2;62;0.5950479308849439;-418.96799999999325
-0.2;0.6;-0.2;63;0.5972814172930245;-422.71599999999313
-0.2;0.6;-0.2;64;0.6003522915389345;-426.3519999999928
-0.2;0.6;-0.2;65;0.6029713072715237;-429.9439999999929
-0.2;0.6;-0.2;66;0.6051507898855624;-433.59799999999285
-0.2;0.6;-0.2;67;0.6077260394499525;-437.16799999999256
-0.2;0.6;-0.2;68;0.6096036662182702;-440.5339999999926
-0.2;0.6;-0.2;69;0.6119391590533931;-443.80999999999295
-0.2;0.6;-0.2;70;0.6144650163704485;-446.8439999999926
-0.2;0.6;-0.2;71;0.6165219224549356;-450.02199999999254
-0.2;0.6;-0.2;72;0.6191739251551824;-453.06199999999285
-0.2;0.6;-0.2;73;0.6210638399561682;-456.0139999999926
-0.2;0.6;-0.2;74;0.6231852825582059;-458.88599999999263
-0.2;0.6;-0.2;75;0.6251070608514551;-461.9139999999927
-0.2;0.6;-0.2;76;0.6270804435157237;-464.8379999999925
-0.2;0.6;-0.2;77;0.6290038403658719;-467.6959999999924
-0.2;0.6;-0.2;78;0.6309026752802042;-470.35199999999236
-0.2;0.6;-0.2;79;0.6328452427903177;-473.0439999999923
-0.2;0.6;-0.2;80;0.6344447158586679;-475.55199999999206
-0.2;0.6;-0.2;81;0.6363104393227019;-478.1699999999923
-0.2;0.6;-0.2;82;0.6380742006719105;-480.5839999999922
-0.2;0.6;-0.2;83;0.6397769056775886;-483.1019999999922
-0.2;0.6;-0.2;84;0.6410953290822592;-485.5879999999922
-0.2;0.6;-0.2;85;0.6425575825188793;-487.839999999992
-0.2;0.6;-0.2;86;0.6445952889323194;-490.0839999999921
-0.2;0.6;-0.2;87;0.6460022843419334;-492.3219999999919
-0.2;0.6;-0.2;88;0.6475487043628951;-494.4819999999919
-0.2;0.6;-0.2;89;0.6493449462977461;-496.4719999999918
-0.2;0.6;-0.2;90;0.651072803757118;-498.5659999999918
-0.2;0.6;-0.2;91;0.6528900279413713;-500.3939999999919
-0.2;0.6;-0.2;92;0.6544265156837966;-502.4159999999918
-0.2;0.6;-0.2;93;0.6558380578670405;-504.0599999999915
-0.2;0.6;-0.2;94;0.6570576173745881;-505.9779999999917
-0.2;0.6;-0.2;95;0.6583113215385873;-507.74599999999157
-0.2;0.6;-0.2;96;0.6594992650638052;-509.60999999999166
-0.2;0.6;-0.2;97;0.6603548654689546;-511.32999999999157
-0.2;0.6;-0.2;98;0.6617854288225863;-512.883999999992
-0.2;0.6;-0.2;99;0.6633919517534443;-514.5379999999918
-0.2;0.6;-0.2;100;0.6646660872495959;-516.0459999999913
-0.2;0.6;-0.2;101;0.6660143557158804;-517.5499999999917
-0.2;0.6;-0.2;102;0.6670375900067274;-519.099999999992
-0.2;0.6;-0.2;103;0.667901802777282;-520.6739999999919
-0.2;0.6;-0.2;104;0.6691737060344576;-522.0459999999922
-0.2;0.6;-0.2;105;0.6707248430498525;-523.4179999999923
-0.2;0.6;-0.2;106;0.6719775070170148;-524.7759999999922
-0.2;0.6;-0.2;107;0.6733695008503956;-526.0519999999926
-0.2;0.6;-0.2;108;0.6747796542239318;-527.3259999999925
-0.2;0.6;-0.2;109;0.6762895800286891;-528.3999999999928
-0.2;0.6;-0.2;110;0.6778189135284878;-529.5639999999931
-0.2;0.6;-0.2;111;0.6789829241430866;-530.7759999999932
-0.2;0.6;-0.2;112;0.6802289896785524;-531.7579999999933
-0.2;0.6;-0.2;113;0.6813686808397504;-532.7899999999936
-0.2;0.6;-0.2;114;0.6825325824630737;-533.571999999994
-0.2;0.6;-0.2;115;0.6835949784916793;-534.5099999999939
-0.2;0.6;-0.2;116;0.6845774813130308;-535.2499999999941
-0.2;0.6;-0.2;117;0.6856222629967915;-536.3319999999942
-0.2;0.6;-0.2;118;0.6868871326526077;-537.0319999999944
-0.2;0.6;-0.2;119;0.6880699377491274;-537.8079999999949
-0.2;0.6;-0.2;120;0.6892510622302246;-538.7159999999951
-0.2;0.6;-0.2;121;0.6900147826088933;-539.4439999999952
-0.2;0.6;-0.2;122;0.6911337469975529;-540.1839999999958
-0.2;0.6;-0.2;123;0.6921129301285969;-540.5719999999959
-0.2;0.6;-0.2;124;0.6932669367790855;-541.2179999999964
-0.2;0.6;-0.2;125;0.6941220297643036;-542.0139999999965
-0.2;0.6;-0.2;126;0.6950399017939175;-542.4419999999967
-0.2;0.6;-0.2;127;0.6963907930990193;-543.2039999999972
-0.2;0.6;-0.2;128;0.6975504632990333;-543.5319999999979
-0.2;0.6;-0.2;129;0.6985930511977085;-544.0119999999979
-0.2;0.6;-0.2;130;0.6995173223374536;-544.3579999999982
-0.2;0.6;-0.2;131;0.7007086973251668;-544.7159999999985
-0.2;0.6;-0.2;132;0.7019211539482656;-545.0419999999991
-0.2;0.6;-0.2;133;0.7027879370941126;-545.1639999999993
-0.2;0.6;-0.2;134;0.7037955481739067;-545.3899999999996
-0.2;0.6;-0.2;135;0.7048411293115743;-545.6159999999999
-0.2;0.6;-0.2;136;0.7057490223381095;-545.6480000000001
-0.2;0.6;-0.2;137;0.7064846029036452;-545.8320000000002
-0.2;0.6;-0.2;138;0.7071326637852554;-545.896000000001
-0.2;0.6;-0.2;139;0.7078497012221903;-545.856000000001
-0.2;0.6;-0.2;140;0.7087941873693268;-546.0560000000016
-0.2;0.6;-0.2;141;0.709363841517383;-546.1400000000019
-0.2;0.6;-0.2;142;0.7103739673099747;-546.1720000000026
-0.2;0.6;-0.2;143;0.7113672484039617;-546.4840000000025
-0.2;0.6;-0.2;144;0.7120970768145612;-546.5920000000032
-0.2;0.6;-0.2;145;0.7131805967105896;-546.5480000000034
-0.2;0.6;-0.2;146;0.7142379503559317;-546.3220000000039
-0.2;0.6;-0.2;147;0.7150506670164072;-546.2540000000043
-0.2;0.6;-0.2;148;0.7157018774230799;-546.3200000000045
-0.2;0.6;-0.2;149;0.7165587319615601;-546.0960000000049
-0.2;0.6;-0.2;150;0.7174039411554604;-546.0920000000053
-0.2;0.6;-0.2;151;0.7184820239625346;-545.9360000000058
-0.2;0.6;-0.2;152;0.7195818366527859;-545.5860000000059
-0.2;0.6;-0.2;153;0.7204783159529693;-545.3820000000067
-0.2;0.6;-0.2;154;0.7211488512779871;-545.0120000000068
-0.2;0.6;-0.2;155;0.7219484021635286;-544.8860000000071
-0.2;0.6;-0.2;156;0.7226587597742992;-544.6800000000076
-0.2;0.6;-0.2;157;0.7234663299755377;-544.1760000000081
-0.2;0.6;-0.2;158;0.7248368150470564;-543.6480000000082
-0.2;0.6;-0.2;159;0.7256881553182128;-543.1820000000083
-0.2;0.6;-0.2;160;0.7264760537723534;-542.8300000000087
-0.2;0.6;-0.2;161;0.7272341695720609;-542.4280000000091
-0.2;0.6;-0.2;162;0.7281374771603462;-541.9480000000094
-0.2;0.6;-0.2;163;0.7290126407097611;-541.5940000000096
-0.2;0.6;-0.2;164;0.729770018178565;-540.9420000000099
-0.2;0.6;-0.2;165;0.7307891054336192;-540.23000000001
-0.2;0.6;-0.2;166;0.731408478801567;-539.3440000000102
-0.2;0.6;-0.2;167;0.7322982350686296;-538.5660000000104
-0.2;0.6;-0.2;168;0.7331357925058596;-537.8220000000107
-0.2;0.6;-0.2;169;0.733903046798325;-537.210000000011
-0.2;0.6;-0.2;170;0.7346109259916145;-536.392000000011
-0.2;0.6;-0.2;171;0.7352958274788299;-535.4080000000113
-0.2;0.6;-0.2;172;0.7361643175372414;-534.5960000000114
-0.2;0.6;-0.2;173;0.7369822399932303;-533.7400000000114
-0.2;0.6;-0.2;174;0.7376836141154841;-532.9140000000119
-0.2;0.6;-0.2;175;0.7385589494479872;-531.896000000012
-0.2;0.6;-0.2;176;0.7393716278616393;-530.7520000000122
-0.2;0.6;-0.2;177;0.74023726108047;-529.8220000000123
-0.2;0.6;-0.2;178;0.7409915718801062;-529.0020000000125
-0.2;0.6;-0.2;179;0.7416455747440008;-527.8580000000126
-0.2;0.6;-0.2;180;0.7421356822901423;-526.7980000000126
-0.2;0.6;-0.2;181;0.7428415864979712;-525.6600000000128
-0.2;0.6;-0.2;182;0.7436312111157111;-524.442000000013
-0.2;0.6;-0.2;183;0.7444440826697306;-523.2760000000129
-0.2;0.6;-0.2;184;0.745074244531376;-522.140000000013
-0.2;0.6;-0.2;185;0.7457833856652353;-521.0900000000131
-0.2;0.6;-0.2;186;0.7465429616787028;-520.0520000000131
-0.2;0.6;-0.2;187;0.7471417370596116;-518.982000000013
-0.2;0.6;-0.2;188;0.747951097881128;-517.786000000013
-0.2;0.6;-0.2;189;0.7485360113925149;-516.6000000000128
-0.2;0.6;-0.2;190;0.7490664562222196;-515.2740000000133
-0.2;0.6;-0.2;191;0.7498906974359947;-514.1960000000131
-0.2;0.6;-0.2;192;0.7505980398273158;-512.728000000013
-0.2;0.6;-0.2;193;0.751351939091147;-511.5020000000133
-0.2;0.6;-0.2;194;0.7523777637532689;-510.2060000000132
-0.2;0.6;-0.2;195;0.7530967803448209;-508.7760000000133
-0.2;0.6;-0.2;196;0.753768858478663;-507.2460000000134
-0.2;0.6;-0.2;197;0.754338089969697;-505.6760000000132
-0.2;0.6;-0.2;198;0.7551820824016131;-504.16800000001314
-0.2;0.6;-0.2;199;0.755855078018044;-502.75200000001286
-0.2;0.6;-0.2;200;0.7568759750553643;-501.02600000001286
-0.2;0.6;-0.2;201;0.7576260612402881;-499.44800000001305
-0.2;0.6;-0.2;202;0.7585921512798742;-497.7300000000128
-0.2;0.6;-0.2;203;0.7591504105873063;-496.1380000000127
-0.2;0.6;-0.2;204;0.7597837491280461;-494.5460000000125
-0.2;0.6;-0.2;205;0.7603833412870509;-492.96200000001295
-0.2;0.6;-0.2;206;0.7611916649962839;-491.1460000000126
-0.2;0.6;-0.2;207;0.7620489582991092;-489.35800000001285
-0.2;0.6;-0.2;208;0.7626064534623942;-487.5900000000124
-0.2;0.6;-0.2;209;0.7634536702304731;-485.67800000001233
-0.2;0.6;-0.2;210;0.7642794675369022;-484.0200000000126
-0.2;0.6;-0.2;211;0.7649189015360064;-482.08600000001223
-0.2;0.6;-0.2;212;0.7657912849678782;-480.216000000012
-0.2;0.6;-0.2;213;0.7664407382209296;-478.41800000001217
-0.2;0.6;-0.2;214;0.7668848072363335;-476.5560000000121
-0.2;0.6;-0.2;215;0.7677017813298326;-474.5120000000118
-0.2;0.6;-0.2;216;0.7682815270680766;-472.5060000000119
-0.2;0.6;-0.2;217;0.7689793907498554;-470.4980000000116
-0.2;0.6;-0.2;218;0.7697127729738931;-468.49200000001184
-0.2;0.6;-0.2;219;0.7703338640074758;-466.5180000000117
-0.2;0.6;-0.2;220;0.770949632413195;-464.60600000001125
-0.2;0.6;-0.2;221;0.7715623737811247;-462.4200000000112
-0.2;0.6;-0.2;222;0.7723606854614347;-460.5200000000111
-0.2;0.6;-0.2;223;0.7728402706362183;-458.35600000001085
-0.2;0.6;-0.2;224;0.7733146842294741;-456.4320000000109
-0.2;0.6;-0.2;225;0.773820848614817;-454.2180000000106
-0.2;0.6;-0.2;226;0.7744173692366735;-451.8960000000105
-0.2;0.6;-0.2;227;0.7750068607539773;-449.6680000000103
-0.2;0.6;-0.2;228;0.7756552473232712;-447.42800000001
-0.2;0.6;-0.2;229;0.7762939923935888;-445.29800000001006
-0.2;0.6;-0.2;230;0.7770104890279507;-443.1960000000098
-0.2;0.6;-0.2;231;0.7775510998817654;-440.86600000000925
-0.2;0.6;-0.2;232;0.7782160203907839;-438.67800000000926
-0.2;0.6;-0.2;233;0.7786102308176462;-436.6040000000087
-0.2;0.6;-0.2;234;0.7789815451856316;-434.35200000000856
-0.2;0.6;-0.2;235;0.7794609309312516;-432.0460000000085
-0.2;0.6;-0.2;236;0.7798797674223051;-429.8100000000081
-0.2;0.6;-0.2;237;0.780341537845315;-427.44600000000753
-0.2;0.6;-0.2;238;0.780944346992735;-425.07200000000756
-0.2;0.6;-0.2;239;0.781427506909614;-422.6180000000071
-0.2;0.6;-0.2;240;0.7821197052012255;-420.2540000000067
-0.2;0.6;-0.2;241;0.7827274135953192;-417.8720000000064
-0.2;0.6;-0.2;242;0.7831513464762375;-415.6100000000063
-0.2;0.6;-0.2;243;0.7835549896150986;-413.1300000000056
-0.2;0.6;-0.2;244;0.7840570915879503;-410.6380000000053
-0.2;0.6;-0.2;245;0.7844810067272533;-408.05400000000475
-0.2;0.6;-0.2;246;0.7850806844891507;-405.51000000000437
-0.2;0.6;-0.2;247;0.7855295938845075;-403.0680000000037
-0.2;0.6;-0.2;248;0.7860225890870771;-400.6060000000034
-0.2;0.6;-0.2;249;0.7864461549763572;-398.0340000000028
-0.2;0.6;-0.2;250;0.7868913935409165;-395.40200000000203
-0.2;0.6;-0.2;251;0.7874206057788673;-392.7300000000019
-0.2;0.6;-0.2;252;0.7880725705592561;-390.148000000001
-0.2;0.6;-0.2;253;0.7886039417616079;-387.4840000000007
-0.2;0.6;-0.2;254;0.7890709913845422;-384.8540000000002
-0.2;0.6;-0.2;255;0.7894708213245935;-382.18999999999966
-0.2;0.6;-0.2;256;0.7898753536784394;-379.47799999999916
-0.2;0.6;-0.2;257;0.7903877207284035;-376.85199999999867
-0.2;0.6;-0.2;258;0.7906541917661769;-373.95399999999796
-0.2;0.6;-0.2;259;0.7911746621878324;-371.2499999999973
-0.2;0.6;-0.2;260;0.7915914571249517;-368.54399999999674
-0.2;0.6;-0.2;261;0.7921235288992976;-365.78199999999606
-0.2;0.6;-0.2;262;0.7925209501014492;-362.85199999999537
-0.2;0.6;-0.2;263;0.7929384659028037;-359.8979999999948
-0.2;0.6;-0.2;264;0.7934666405710922;-357.0379999999943
-0.2;0.6;-0.2;265;0.7939068883738964;-354.30999999999375
-0.2;0.6;-0.2;266;0.7942834072168057;-351.3179999999933
-0.2;0.6;-0.2;267;0.7948651805962276;-348.4579999999926
-0.2;0.6;-0.2;268;0.7953778824212405;-345.38999999999197
-0.2;0.6;-0.2;269;0.7958587680826429;-342.4559999999914
-0.2;0.6;-0.2;270;0.796259119396403;-339.4119999999908
-0.2;0.6;-0.2;271;0.796736355200564;-336.3939999999903
-0.2;0.6;-0.2;272;0.7971311590724605;-333.4219999999895
-0.2;0.6;-0.2;273;0.7975576735126007;-330.4879999999888
-0.2;0.6;-0.2;274;0.7979741626731913;-327.559999999988
-0.2;0.6;-0.2;275;0.7984826514210964;-324.51399999998733
-0.2;0.6;-0.2;276;0.7988093966878315;-321.51999999998674
-0.2;0.6;-0.2;277;0.7990957137464254;-318.52599999998614
-0.2;0.6;-0.2;278;0.7994438456809617;-315.37199999998535
-0.2;0.6;-0.2;279;0.7998097425838577;-312.3279999999847
-0.2;0.6;-0.2;280;0.8003397942500023;-309.2019999999838
-0.2;0.6;-0.2;281;0.8007500705343682;-305.9539999999832
-0.2;0.6;-0.2;282;0.8010280519315544;-302.7319999999823
-0.2;0.6;-0.2;283;0.801460517988042;-299.5679999999814
-0.2;0.6;-0.2;284;0.8017537848716718;-296.50199999998074
-0.2;0.6;-0.2;285;0.8021253842090361;-293.24799999998
-0.2;0.6;-0.2;286;0.8025326901030653;-289.95199999997925
-0.2;0.6;-0.2;287;0.8029557056835173;-286.89399999997863
-0.2;0.6;-0.2;288;0.8033137524073521;-283.62599999997775
-0.2;0.6;-0.2;289;0.8035489694111793;-280.51799999997706
-0.2;0.6;-0.2;290;0.8040831772871911;-277.3699999999765
-0.2;0.6;-0.2;291;0.8044314537919439;-274.1899999999759
-0.2;0.6;-0.2;292;0.8049116332903762;-270.82999999997514
-0.2;0.6;-0.2;293;0.8053019235194039;-267.66999999997444
-0.2;0.6;-0.2;294;0.8056832446351586;-264.43999999997385
-0.2;0.6;-0.2;295;0.8061734145120458;-261.16199999997315
-0.2;0.6;-0.2;296;0.8064370545670272;-257.9219999999723
-0.2;0.6;-0.2;297;0.8068907994823588;-254.62399999997157
-0.2;0.6;-0.2;298;0.8073144502728993;-251.28199999997096
-0.2;0.6;-0.2;299;0.8078316268977558;-247.87599999997036
-0.2;0.6;-0.2;300;0.8081539709320869;-244.41599999996959
-0.2;0.6;-0.2;301;0.8086345150313409;-241.24599999996892
-0.2;0.6;-0.2;302;0.8090204625571863;-237.80799999996808
-0.2;0.6;-0.2;303;0.8094574587374944;-234.51599999996725
-0.2;0.6;-0.2;304;0.8098491902467407;-231.19599999996638
-0.2;0.6;-0.2;305;0.8102371066857694;-227.83999999996558
-0.2;0.6;-0.2;306;0.8104921048426026;-224.47999999996492
-0.2;0.6;-0.2;307;0.810965782036289;-221.09999999996424
-0.2;0.6;-0.2;308;0.8113191729777346;-217.64999999996326
-0.2;0.6;-0.2;309;0.811718080565652;-214.21199999996253
-0.2;0.6;-0.2;310;0.81201950274678;-210.75399999996168
-0.2;0.6;-0.2;311;0.8124588397907039;-207.41999999996074
-0.2;0.6;-0.2;312;0.8127617516523732;-203.75399999995997
-0.2;0.6;-0.2;313;0.8131942215998258;-200.0939999999593
-0.2;0.6;-0.2;314;0.8135597824352117;-196.6039999999586
-0.2;0.6;-0.2;315;0.8138590553914608;-193.14999999995806
-0.2;0.6;-0.2;316;0.8142002107976622;-189.57799999995754
-0.2;0.6;-0.2;317;0.8144978498501656;-186.01999999995695
-0.2;0.6;-0.2;318;0.8147462620878047;-182.27399999995666
-0.2;0.6;-0.2;319;0.8151461293596024;-178.63199999995624
-0.2;0.6;-0.2;320;0.8154463855172479;-175.01199999995583
-0.2;0.6;-0.2;321;0.8155780790041773;-171.4159999999557
-0.2;0.6;-0.2;322;0.8158952437345539;-167.78599999995546
-0.2;0.6;-0.2;323;0.8163265536419327;-164.16999999995528
-0.2;0.6;-0.2;324;0.8166737254909332;-160.4339999999551
-0.2;0.6;-0.2;325;0.8169835363620648;-156.78199999995502
-0.2;0.6;-0.2;326;0.8172599675386805;-153.0379999999551
-0.2;0.6;-0.2;327;0.8176336048326454;-149.28199999995527
-0.2;0.6;-0.2;328;0.8179972043960145;-145.59799999995542
-0.2;0.6;-0.2;329;0.8181714725983903;-142.00199999995553
-0.2;0.6;-0.2;330;0.8185278646957115;-138.31599999995564
-0.2;0.6;-0.2;331;0.8187306149383506;-134.5839999999559
-0.2;0.6;-0.2;332;0.819032845333379;-130.82599999995603
-0.2;0.6;-0.2;333;0.8193197412923948;-127.13199999995608
-0.2;0.6;-0.2;334;0.8195498779868189;-123.28799999995616
-0.2;0.6;-0.2;335;0.8198536929847736;-119.56799999995629
-0.2;0.6;-0.2;336;0.8201551465614344;-115.91399999995642
-0.2;0.6;-0.2;337;0.8203111421741975;-112.1599999999566
-0.2;0.6;-0.2;338;0.8205325728446069;-108.32399999995683
-0.2;0.6;-0.2;339;0.8207982458866258;-104.6079999999571
-0.2;0.6;-0.2;340;0.8210183761195309;-100.77999999995734
-0.2;0.6;-0.2;341;0.8212736271736928;-96.99599999995769
-0.2;0.6;-0.2;342;0.8215582743972553;-93.30599999995808
-0.2;0.6;-0.2;343;0.8217735268881213;-89.5199999999586
-0.2;0.6;-0.2;344;0.8220599163755651;-85.48399999995931
-0.2;0.6;-0.2;345;0.8223675708901231;-81.59599999995997
-0.2;0.6;-0.2;346;0.8226033100145069;-77.84199999996068
-0.2;0.6;-0.2;347;0.8228204912128964;-73.8999999999615
-0.2;0.6;-0.2;348;0.823128257524105;-70.11199999996225
-0.2;0.6;-0.2;349;0.8233621847473137;-66.17799999996296
-0.2;0.6;-0.2;350;0.8237522333278858;-62.23199999996391
-0.2;0.6;-0.2;351;0.8239712908573599;-58.121999999964885
-0.2;0.6;-0.2;352;0.8242238359491888;-54.219999999965715
-0.2;0.6;-0.2;353;0.824476427723807;-50.46999999996669
-0.2;0.6;-0.2;354;0.8247457072179656;-46.421999999967674
-0.2;0.6;-0.2;355;0.824869527128717;-42.47799999996858
-0.2;0.6;-0.2;356;0.82508729902233;-38.53399999996941
-0.2;0.6;-0.2;357;0.8252209294465771;-34.49599999997029
-0.2;0.6;-0.2;358;0.825387523458335;-30.461999999971017
-0.2;0.6;-0.2;359;0.8256743140651024;-26.52799999997214
-0.2;0.6;-0.2;360;0.8260020472607091;-22.44999999997309
-0.2;0.6;-0.2;361;0.8262648305122933;-18.427999999974023
-0.2;0.6;-0.2;362;0.8265105217732365;-14.415999999974897
-0.2;0.6;-0.2;363;0.8265853847595381;-10.461999999975882
-0.2;0.6;-0.2;364;0.8267590277302164;-6.319999999976798
-0.2;0.6;-0.2;365;0.8269405842642579;-2.2939999999776455
-0.2;0.6;-0.2;366;0.827155513525783;1.6500000000215913
-0.2;0.6;-0.2;367;0.8273583123408347;5.742000000020762
-0.2;0.6;-0.2;368;0.8275469229797559;9.604000000019905
-0.2;0.6;-0.2;369;0.8277352461944233;13.676000000019304
-0.2;0.6;-0.2;370;0.8279123374778011;17.602000000018382
-0.2;0.6;-0.2;371;0.8281628216157134;21.618000000017457
-0.2;0.6;-0.2;372;0.8284160434254815;25.790000000016693
-0.2;0.6;-0.2;373;0.8285987483450381;29.84800000001604
-0.2;0.6;-0.2;374;0.8288127195766053;33.90600000001502
-0.2;0.6;-0.2;375;0.8290202467424775;37.848000000014075
-0.2;0.6;-0.2;376;0.8292343756004052;41.79600000001334
-0.2;0.6;-0.2;377;0.8294092447064059;45.918000000012526
-0.2;0.6;-0.2;378;0.8295203561352763;50.12000000001162
-0.2;0.6;-0.2;379;0.8297416792064755;54.318000000010834
-0.2;0.6;-0.2;380;0.8299812801173988;58.41000000001002
-0.2;0.6;-0.2;381;0.8301600808006753;62.558000000009436
-0.2;0.6;-0.2;382;0.8303602895303257;66.91800000000859
-0.2;0.6;-0.2;383;0.8305873453784676;71.02600000000749
-0.2;0.6;-0.2;384;0.8308198714833602;75.10600000000657
-0.2;0.6;-0.2;385;0.8310589230223709;79.25200000000562
-0.2;0.6;-0.2;386;0.8312718555466577;83.42000000000424
-0.2;0.6;-0.2;387;0.8314653118712328;87.66000000000321
-0.2;0.6;-0.2;388;0.8316818878571786;91.79400000000194
-0.2;0.6;-0.2;389;0.8319025327749279;95.99200000000089
-0.2;0.6;-0.2;390;0.832137450372401;100.34399999999948
-0.2;0.6;-0.2;391;0.8323316050622255;104.50999999999807
-0.2;0.6;-0.2;392;0.8325110191944618;108.76999999999667
-0.2;0.6;-0.2;393;0.8326852902348836;112.92599999999538
-0.2;0.6;-0.2;394;0.8328270892671563;117.20799999999406
-0.2;0.6;-0.2;395;0.8330412595482464;121.3779999999927
-0.2;0.6;-0.2;396;0.8332622313511638;125.67799999999137
-0.2;0.6;-0.2;397;0.8334056384027962;129.9759999999901
-0.2;0.6;-0.2;398;0.8336571960712468;134.3279999999885
-0.2;0.6;-0.2;399;0.8338601068277414;138.55599999998702
